,0,1,2
category,No Substructure - Yes Deck - No Superstructure,Yes Substructure - No Deck - No Superstructure,No Substructure - No Deck - Yes Superstructure
snowfall,0.0,0.0,0.0
freezethaw,0.0,0.0,0.0
latitude,0.0,0.0,0.0
longitude,0.0,0.0,0.0
materialAluminum,0.0,0.0,0.0
materialMasonry,0.0,0.0,0.0
materialOther,0.0,0.0,0.0
materialnan,0.0,0.0,0.0
tollOnFreeRoad,0.0,0.0,0.0
tollTollBridge,0.0,0.0,0.0
designLoadH10,0.0,0.0,0.0
designLoadH20,0.0,0.0,0.0
designLoadHS20Mod,0.0,0.0,0.0
designLoadHS25,0.0,0.0,0.0
deckStructureTypenan,0.0,0.0,0.0
typeOfDesignArchDeck,0.0,0.0,0.0
typeOfDesignArchThru,0.0,0.0,0.0
typeOfDesignBoxBeamSingle,0.0,0.0,0.0
typeOfDesignFrame,0.0,0.0,0.0
typeOfDesignGirderAndFloor,0.0,0.0,0.0
typeOfDesignMovableBascule,0.0,0.0,0.0
typeOfDesignMovableLift,0.0,0.0,0.0
typeOfDesignMovableSwing,0.0,0.0,0.0
typeOfDesignOrthotropic,0.0,0.0,0.0
typeOfDesignSegmentalBoxGirder,0.0,0.0,0.0
typeOfDesignStayedGirder,0.0,0.0,0.0
typeOfDesignSuspension,0.0,0.0,0.0
typeOfDesignTrussDeck,0.0,0.0,0.0
typeOfDesignTrussThru,0.0,0.0,0.0
designLoadHS15,0.00011365828576210799,0.0020250222920231587,0.0004168414727601165
tollOnTollBridge,0.0003416768291878244,0.0003416768291878244,0.000286426932595309
materialPrestreesedConcreteContinuous,0.0003526836703681777,0.0004434760065721039,0.007975024693259454
designLoadnan,0.00039717790446522144,0.0,0.0009254076037156745
designLoadH15,0.00042883704388747807,0.0003839011398645697,0.0004953567342420476
typeOfDesignTeeBeam,0.0007561722334784623,0.0,0.0
typeOfDesignOther,0.0027976716714745334,0.0,0.003830770179440726
typeOfDesignStringerMultiBeam,0.003933230741099577,0.004022675846781172,0.004652452442936419
lanesOnStructure,0.004369186558247457,0.00018664360674904227,0.005387709947238739
typeOfDesignBoxBeamMultiple,0.004826214570161715,0.0027292118421435134,0.0
materialPrestreesedConcrete,0.005661788807616084,0.03700011512263615,0.04053950562442295
materialSteel,0.008177183637703598,0.008129194644881097,0.008382715069543068
numberOfSpansInMainUnit,0.008974113434680357,0.0033991771354545436,0.010416656826878848
materialSteelConitnuous,0.010113552060681619,0.005070498360553594,0.0037156554901360012
avgDailyTruckTraffic,0.013018162268315413,0.012182616122837837,0.009091910483672043
bridgeRoadwayWithCurbToCurb,0.013530492709136324,0.01027544014744226,0.00913930191080799
typeOfDesignChannelBeam,0.0160502904521681,0.001453901310058769,0.0007258781499948432
structureLength,0.020222533685069943,0.04131429902818832,0.013906244889886805
yearBuilt,0.025727107872180317,0.026510535124325496,0.031906140301227535
lengthOfMaximumSpan,0.026887431581130068,0.01465418270073519,0.016790087191045258
materialWood,0.029163018175043697,0.027286940582769002,0.023375391073082896
skew,0.02998529686497609,0.030423383997004526,0.027759952671926384
typeOfDesignSlab,0.031161789181904147,0.007835329627915907,0.005139920920860763
scourCriticalBridges,0.04592500814993559,0.047609180147790094,0.04422639009647527
materialConcrete,0.04666836929669095,0.04297507675647921,0.044037648993044125
operatingRating,0.05121921492580924,0.04749969859259778,0.05501086530438308
averageDailyTraffic,0.06721128426374377,0.0848624307721613,0.09704235635612442
materialConcreteContinuous,0.0971580620445727,0.1027873493134636,0.09895712230098493
designLoadHS20,0.1582005074867613,0.1572200390806794,0.16061994562095575
designatedInspectionFrequency,0.27662828359374814,0.2813780038687045,0.27524632071835864
