,0,1,2
category,No Substructure - Yes Deck - No Superstructure,Yes Substructure - No Deck - No Superstructure,No Substructure - No Deck - Yes Superstructure
freezethaw,0.0,0.0,0.0
latitude,0.0,0.0,0.0
longitude,0.0,0.0,0.0
designatedInspectionFrequency,0.0,0.0,0.0
materialAluminum,0.0,0.0,0.0
tollOnFreeRoad,0.0,0.0,0.0
tollOnTollBridge,0.0,0.0,0.0
tollTollBridge,0.0,0.0,0.0
designLoadHS15,0.0,0.0,0.0
designLoadHS25,0.0,0.0,0.0
designLoadRailroad,0.0,0.0,0.0
designLoadnan,0.0,0.0,0.0007981735889966607
deckStructureTypenan,0.0,0.0,0.0
typeOfDesignArchThru,0.0,0.0,0.0
typeOfDesignFrame,0.0,0.0,0.0
typeOfDesignMovableBascule,0.0,0.0,0.0
typeOfDesignSegmentalBoxGirder,0.0,0.0,0.0
typeOfDesignStayedGirder,0.0,0.0,0.0
typeOfDesignTeeBeam,0.0,0.000892236538793337,0.0
typeOfDesignTrussDeck,0.0,0.0,0.0
designLoadH15,0.00028678503224179817,0.0,0.00033157006719069485
snowfall,0.000317805597127615,0.0,0.0
typeOfDesignBoxBeamSingle,0.0004803054810889863,0.002355772258886844,0.0005472892005747355
typeOfDesignChannelBeam,0.0007536847473657063,0.0013872220936677535,0.0008787396346580102
typeOfDesignGirderAndFloor,0.0008317251821817275,0.00024442233252280025,0.00024146964830749988
typeOfDesignOther,0.001201469435620331,0.0,0.0
materialMasonry,0.001344128003112908,0.0011401519053801366,0.0
lanesOnStructure,0.0023515704092573067,0.0038186968400253105,0.003045017852173805
designLoadH20,0.004161309010119166,0.004490049465786563,0.0027987425408464227
typeOfDesignArchDeck,0.00619249514334636,0.0016966335989747547,0.0004991637327154468
numberOfSpansInMainUnit,0.006393686527616297,0.00851638638501811,0.0032385634909805603
materialWood,0.006407757539434769,0.009608398528561322,0.004525934552644695
typeOfDesignTrussThru,0.006467973059009823,0.0011466149974291922,0.0008882622864819971
materialConcreteContinuous,0.011480629492254887,0.00734700091334307,0.008308747356691818
materialPrestreesedConcrete,0.013256098942039973,0.0014583679151858025,0.011632346308369552
typeOfDesignStringerMultiBeam,0.014932082429871128,0.00873804441895195,0.013402800497679642
avgDailyTruckTraffic,0.015220451026624405,0.013456243097281152,0.01688208258633826
designLoadHS20Mod,0.01588945784550961,0.01853467175643244,0.01583899444494618
materialSteel,0.01982489455943366,0.019082806338350584,0.02044772475356737
skew,0.023771070409078783,0.024735918628744604,0.021129109099585573
materialPrestreesedConcreteContinuous,0.024415257097695982,0.027107187805110285,0.027712962472795193
structureLength,0.027751454033414245,0.034069689858392656,0.03686833476642369
lengthOfMaximumSpan,0.027990105694232895,0.031386289580706016,0.029201666155392277
typeOfDesignSlab,0.03195611098343841,0.040217128369660515,0.034918262202843116
materialSteelConitnuous,0.032095507736228934,0.024538909948080855,0.025808558881261927
typeOfDesignBoxBeamMultiple,0.04950403587891414,0.053490396137239285,0.04794486678542027
bridgeRoadwayWithCurbToCurb,0.056785626230885095,0.07071723157892254,0.06037613720608342
materialConcrete,0.057904757529453926,0.056575977824463115,0.06376033210490267
scourCriticalBridges,0.06287418398951876,0.04630493161784081,0.06655693799318552
yearBuilt,0.07018211891218971,0.06723211365439771,0.07338012999695526
averageDailyTraffic,0.08102041442525335,0.08467027747846498,0.08545104013343847
operatingRating,0.11376491632207231,0.11948972563885572,0.11041903502782213
designLoadHS20,0.21219013129436698,0.21555050249452978,0.21216700463072719
