,0,1,2
category,No Substructure - Yes Deck - No Superstructure,Yes Substructure - No Deck - No Superstructure,No Substructure - No Deck - Yes Superstructure
snowfall,0.0,0.0,0.0
freezethaw,0.0,0.0,0.0
latitude,0.0,0.0,0.0
longitude,0.0,0.0,0.0
materialAluminum,0.0,0.0,0.0
materialOther,0.0,0.0,0.0
tollOnTollBridge,0.0,0.0,0.0
tollnan,0.0,0.0012781067218768825,0.0
designLoadHS15,0.0,0.0,0.0
designLoadHS25,0.0,0.0,0.0
designLoadPedestrian,0.0,0.0,0.0
designLoadRailroad,0.0,0.0,0.0
deckStructureTypenan,0.0,0.0,0.0
typeOfDesignArchThru,0.0,0.0,0.0
typeOfDesignBoxBeamMultiple,0.0,0.0,0.0
typeOfDesignBoxBeamSingle,0.0,0.0,0.0
typeOfDesignChannelBeam,0.0,0.0,0.0
typeOfDesignCulvert,0.0,0.0,0.0
typeOfDesignFrame,0.0,0.0,0.0
typeOfDesignOther,0.0,0.0,0.0
typeOfDesignTrussDeck,0.0,0.0,0.0
materialMasonry,0.00026779340813126674,0.0,0.0005800977353519626
materialPrestreesedConcreteContinuous,0.000325576047527717,0.0009427229124009932,0.0006810070999316803
designLoadH20,0.00038293619641366285,0.007371286845842369,0.00571044974127294
designLoadHS20Mod,0.0006941344189928495,0.002407524993934796,0.0
typeOfDesignArchDeck,0.0008211214033497859,0.0,0.0
tollOnFreeRoad,0.0008367562367662264,0.0009164054535219814,0.0
materialSteelConitnuous,0.0013995458415842362,0.039739637000392784,0.006986554793704637
typeOfDesignGirderAndFloor,0.0017647794978384915,0.0009148898749931091,0.0024362325525803512
typeOfDesignTrussThru,0.002579109404522425,0.0013407972915116463,0.006634684381533062
numberOfSpansInMainUnit,0.0043536157946812105,0.005115695355982139,0.006232562948365978
designLoadH10,0.004437623356938496,0.007453347674304772,0.006511977164827391
designLoadHS20,0.00558519220366652,0.0030096684358697583,0.03190276819702243
lanesOnStructure,0.006951350901212252,0.013990644555719396,0.005473605532400674
materialPrestreesedConcrete,0.007270924959756755,0.002291048383287173,0.00022435350841735032
skew,0.008525103268441398,0.008872025631188125,0.005988847278388368
typeOfDesignStringerMultiBeam,0.009531168221365703,0.009080295784945201,0.013006947924604929
materialConcreteContinuous,0.012226521939868064,0.005560649190258295,0.013205593974624012
designLoadH15,0.013049126800991993,0.010977092260618798,0.01208101323008439
materialConcrete,0.015605346777642063,0.014552501637497724,0.011885770972359598
avgDailyTruckTraffic,0.018857708048480432,0.027391784065551716,0.02396868174717471
materialWood,0.020526555289795193,0.016652196498454737,0.030856566197543813
designatedInspectionFrequency,0.02071482400916695,0.016515147302730293,0.019611074780360865
typeOfDesignTeeBeam,0.02788582587666245,0.0038303721589599765,0.004896812698500225
lengthOfMaximumSpan,0.03614717768269567,0.0315405528243814,0.03884566694057113
structureLength,0.038108444750914426,0.04047678860363949,0.03490204921106764
materialSteel,0.03933061183340591,0.05861299829500851,0.02929570482697264
yearBuilt,0.057818728222537634,0.05263789756105218,0.059483797756058415
bridgeRoadwayWithCurbToCurb,0.0611970603771985,0.06944622584523222,0.05401603263297237
averageDailyTraffic,0.06409554565485502,0.05495003376927027,0.07411009720303233
scourCriticalBridges,0.06949369513853866,0.053726403899161924,0.06111347599101809
designLoadnan,0.08713060357613828,0.11562543562816327,0.06745972600691974
typeOfDesignSlab,0.12383712991488612,0.08969524634305315,0.12766932072825618
operatingRating,0.2382483629450335,0.2330845772011951,0.24422852624408234
