,0,1,2
category,No Substructure - Yes Deck - No Superstructure,Yes Substructure - No Deck - No Superstructure,No Substructure - No Deck - Yes Superstructure
avgDailyTruckTraffic,0.0,0.0,0.0
snowfall,0.0,0.0,0.0
freezethaw,0.0,0.0,0.0
latitude,0.0,0.0,0.0
longitude,0.0,0.0,0.0
lanesOnStructure,0.0,0.0,0.0
materialAluminum,0.0,0.0,0.0
materialConcrete,0.0,0.0,0.0
materialConcreteContinuous,0.0,0.0014291874453438672,0.0007971461563975041
materialPrestreesedConcreteContinuous,0.0,0.0,0.0
tollOnFreeRoad,0.0,0.0,0.0
tollTollBridge,0.0,0.0,0.0
designLoadH10,0.0,0.0,0.0
designLoadHS15,0.0,0.0,0.0
designLoadHS20Mod,0.0,0.0,0.0
designLoadHS25,0.0,0.0,0.0005675217471958709
designLoadPedestrian,0.0,0.0,0.0
designLoadRailroad,0.0,0.0,0.0
deckStructureTypenan,0.0,0.0,0.0
typeOfDesignArchDeck,0.0,0.0,0.0
typeOfDesignArchThru,0.0,0.0,0.0
typeOfDesignBoxBeamMultiple,0.0,0.0,0.0
typeOfDesignBoxBeamSingle,0.0,0.0,0.0
typeOfDesignChannelBeam,0.0,0.0,0.0
typeOfDesignFrame,0.0,0.0,0.0
typeOfDesignMovableBascule,0.0,0.0,0.0
typeOfDesignMovableLift,0.0,0.0,0.0
typeOfDesignOther,0.0,0.0,0.0
typeOfDesignSegmentalBoxGirder,0.0,0.0,0.0
typeOfDesignSuspension,0.0,0.0,0.0
typeOfDesignTeeBeam,0.0,0.0,0.0
typeOfDesignTrussDeck,0.0,0.0,0.0
typeOfDesignTrussThru,0.0,0.0,0.0
materialPrestreesedConcrete,0.0008821268003325702,0.000337021704862242,0.00033662079572326493
skew,0.000943394135063662,0.000944517700022243,0.0013399157172971953
materialSteel,0.00140588193721277,0.0,0.0
materialSteelConitnuous,0.0017051973133773812,0.0007165693998585162,0.001397552625002435
numberOfSpansInMainUnit,0.004473646410608085,0.0023657158568916345,0.003191226659432688
designLoadnan,0.006190947493959417,0.009153213396434197,0.010760277626142846
structureLength,0.007424148797489748,0.00230252409320855,0.004089983490688516
scourCriticalBridges,0.008776174758306186,0.00919589720662448,0.00896765054340704
lengthOfMaximumSpan,0.009133003242626074,0.017572742674078275,0.014456306917802973
operatingRating,0.01222138137953783,0.00822906002128082,0.0076302136647338125
designLoadH15,0.018683491983518735,0.01712432361205861,0.01853830072821216
typeOfDesignStringerMultiBeam,0.020722130584908953,0.01829151362473315,0.01955046341218129
yearBuilt,0.024057328488072096,0.013590786874538166,0.013656470675072127
bridgeRoadwayWithCurbToCurb,0.025468519289196134,0.017890972356804938,0.02094407889363213
typeOfDesignGirderAndFloor,0.03835105521336863,0.015184586876937927,0.01606264504844613
averageDailyTraffic,0.0712620496564173,0.08379929393140016,0.08543265777484425
designLoadHS20,0.07332698876396458,0.0656551288183301,0.06986808169756246
designLoadH20,0.076390207685526,0.08046823537749108,0.08037949938123667
materialWood,0.12686678831284934,0.14075205762207357,0.1309235216507334
typeOfDesignSlab,0.14285501646780857,0.16574446332545562,0.1526118589041541
designatedInspectionFrequency,0.328860521285856,0.32925218808157186,0.3384980058901011
