,0,1,2
category,No Substructure - Yes Deck - No Superstructure,Yes Substructure - No Deck - No Superstructure,No Substructure - No Deck - Yes Superstructure
snowfall,0.0,0.0,0.0
freezethaw,0.0,0.0,0.0
latitude,0.0,0.0,0.0
longitude,0.0,0.0,0.0
materialMasonry,0.0,0.0,0.0
materialOther,0.0,0.0,0.0
materialPrestreesedConcrete,0.0,0.00041692506242115414,0.0
tollOnFreeRoad,0.0,0.0,0.0
tollTollBridge,0.0,0.0,0.0
designLoadHS15,0.0,0.0,0.0
deckStructureTypenan,0.0,0.0,0.0
typeOfDesignArchDeck,0.0,0.0,0.00018671417629153884
typeOfDesignArchThru,0.0,0.0,0.0
typeOfDesignBoxBeamSingle,0.0,0.0,0.0
typeOfDesignChannelBeam,0.0,0.0,0.00014135883055837943
typeOfDesignFrame,0.0,0.0,0.0
typeOfDesignGirderAndFloor,0.0,0.0,0.0
typeOfDesignOther,0.0,0.0,0.0
typeOfDesignSegmentalBoxGirder,0.0,0.0,0.0
typeOfDesignSlab,0.0,0.016073091700036346,0.0
typeOfDesignStayedGirder,0.0,0.0,0.0
typeOfDesignSuspension,0.0,0.0,0.0
typeOfDesignTeeBeam,0.0,0.0,0.0
typeOfDesignTrussDeck,0.0,0.0,0.0
materialConcrete,0.00017093771621728583,0.00018657922947301262,0.005841836894788744
designLoadH20,0.0002398573384968033,0.00011670103250226358,0.0
typeOfDesignTrussThru,0.00035587864400584037,0.0,0.0008336075735498214
designLoadHS20Mod,0.0030377631307824536,0.002870928224468905,0.002838735059017299
avgDailyTruckTraffic,0.0030509870021034544,0.006707927973504669,0.007097384496074156
designLoadHS20,0.004129651038056227,0.05189827240162584,0.0016782659228523535
numberOfSpansInMainUnit,0.00428027958217399,0.003265374730030922,0.006860501372789648
designLoadHS25,0.005634041111377697,0.0016157722554405458,0.013813676006944274
designLoadH10,0.005859319694532712,0.004104894196651877,0.05629136030764843
skew,0.015633284278059236,0.02793541099599373,0.007755851728413145
bridgeRoadwayWithCurbToCurb,0.015733632741429728,0.03884539141534018,0.007435728471603452
typeOfDesignBoxBeamMultiple,0.01689157088565607,0.008239590409223516,0.01256637736816499
materialPrestreesedConcreteContinuous,0.01761446098776899,0.005263214099275332,0.022494232938291253
operatingRating,0.01869839229940934,0.01774641033731977,0.027753403446864118
materialConcreteContinuous,0.019640166706599547,0.017265339401310427,0.020896164003729862
yearBuilt,0.020759257243239345,0.10444796478151265,0.025306345195682003
materialWood,0.021491911180065246,0.04886544918757812,0.02407762696662324
designLoadH15,0.022247004639444325,0.020773605355910198,0.004922336204594892
lengthOfMaximumSpan,0.02419011062049326,0.01881224864448966,0.018250280318280444
structureLength,0.026140556178316593,0.01482165263485382,0.028792232899902397
scourCriticalBridges,0.04613896935999346,0.04476291313136348,0.04241050651729372
typeOfDesignStringerMultiBeam,0.04877657300181236,0.14497505488677587,0.05891261220026556
averageDailyTraffic,0.05057809393538463,0.04176442090579694,0.066369551884979
materialSteelConitnuous,0.06827187191861073,0.06052328238860197,0.026391724658815854
lanesOnStructure,0.07656182181087286,0.01031824254996859,0.07703777649723792
designLoadnan,0.08272189096474708,0.03099481244852469,0.08235792715569089
materialSteel,0.13674121903365205,0.022840042025337785,0.146181403847711
designatedInspectionFrequency,0.24441049695669875,0.23354848759466781,0.20450447705534155
