,0,1,2
category,No Substructure - Yes Deck - No Superstructure,Yes Substructure - No Deck - No Superstructure,No Substructure - No Deck - Yes Superstructure
snowfall,0.0,0.0,0.0
freezethaw,0.0,0.0,0.0
latitude,0.0,0.0,0.0
longitude,0.0,0.0,0.0
materialPrestreesedConcreteContinuous,0.0,0.0,0.0
tollOnFreeRoad,0.0,0.0,0.0
tollTollBridge,0.0,0.0,0.0
designLoadH10,0.0,0.0,0.0
designLoadHS15,0.0,0.0,0.0
designLoadHS25,0.0,0.0,0.0
deckStructureTypenan,0.0,0.0,0.0
typeOfDesignArchDeck,0.0,0.0,0.0
typeOfDesignArchThru,0.0,0.0,0.0
typeOfDesignBoxBeamSingle,0.0,0.0,0.0
typeOfDesignChannelBeam,0.0,0.0,0.0
typeOfDesignFrame,0.0,0.0,0.0
typeOfDesignOther,0.0,0.0,0.0
typeOfDesignSegmentalBoxGirder,0.0,0.0,0.0
typeOfDesignTrussDeck,0.0,0.0,0.0
typeOfDesignnan,0.0,0.0,0.0
typeOfDesignSlab,0.0004519360268372402,0.0,0.02169498717378884
typeOfDesignBoxBeamMultiple,0.0012613697223603716,0.0030355031624912923,0.0008065339876212773
designLoadHS20Mod,0.001411762012424775,0.0009844784064368941,0.0
materialConcrete,0.0015973504673453545,0.0017808182468871173,0.003329522952077362
materialSteelConitnuous,0.002636366570824288,0.0014408389876011906,0.0006382219371498327
materialPrestreesedConcrete,0.0034468368186273465,0.004212802886692764,0.0072066908185628034
designLoadHS20,0.004238446016169198,0.006211142865410752,0.003543490088490007
skew,0.004399690820194063,0.01001194513635075,0.014381901267685413
designatedInspectionFrequency,0.005036370963716294,0.0018469248479497061,0.0039543766599874595
numberOfSpansInMainUnit,0.005316463488619882,0.004534827442035508,0.020775345208646913
designLoadH20,0.0053953764380678775,0.0026423455763559633,0.0017626099651908227
designLoadnan,0.006374274189910309,0.008250431040215236,0.006395020774537891
materialConcreteContinuous,0.006991024557532194,0.0050757881963945355,0.00182735111519514
avgDailyTruckTraffic,0.007685735223552661,0.02037476712011638,0.009340549457233976
typeOfDesignTeeBeam,0.008025607770132306,0.00998469286619271,0.00027053741979270765
typeOfDesignTrussThru,0.010973239337779004,0.007529796865867135,0.001175138807306693
materialWood,0.012080968357924517,0.0068238819907678475,0.02551922976715667
lanesOnStructure,0.013061819754650992,0.00783951908745171,0.006393460969516252
typeOfDesignGirderAndFloor,0.016618651962668166,0.01617496905194918,0.024667482139008556
materialSteel,0.02627086670897764,0.030419384759840316,0.028501691623280624
designLoadH15,0.03139297488695134,0.013472083862358212,0.004666359688524381
lengthOfMaximumSpan,0.03482402067299967,0.04266179744400688,0.022706836190740945
structureLength,0.037912745395868266,0.050741583429446915,0.03699601918521122
bridgeRoadwayWithCurbToCurb,0.06518769780284915,0.051494298664851765,0.050018260013082905
operatingRating,0.07526220249640679,0.06927061124128192,0.06226567876693963
averageDailyTraffic,0.07737249122429951,0.08086173881707723,0.1005194811423158
typeOfDesignStringerMultiBeam,0.08220006596917684,0.09965689280757657,0.08730687050809328
scourCriticalBridges,0.20783210168799315,0.18910313161963183,0.2005165203140403
yearBuilt,0.24474154265514064,0.2535630035767617,0.2528198320588224
