,0,1,2
category,No Substructure - Yes Deck - No Superstructure,Yes Substructure - No Deck - No Superstructure,No Substructure - No Deck - Yes Superstructure
snowfall,0.0,0.0,0.0
freezethaw,0.0,0.0,0.0
latitude,0.0,0.0,0.0
longitude,0.0,0.0,0.0
designatedInspectionFrequency,0.0,0.000676770269959143,0.0
materialAluminum,0.0,0.0,0.0
materialMasonry,0.0,0.0,0.0
materialOther,0.0,0.0,0.0
materialWood,0.0,0.0,0.0012583494932625389
tollOnFreeRoad,0.0,0.0,0.0
deckStructureTypenan,0.0,0.0,0.0
typeOfDesignArchDeck,0.0,0.0,0.0
typeOfDesignBoxBeamMultiple,0.0,0.0,0.0
typeOfDesignCulvert,0.0,0.0,0.0
typeOfDesignGirderAndFloor,0.0,0.0,0.0
typeOfDesignMovableBascule,0.0,0.0,0.0
typeOfDesignMovableLift,0.0,0.0,0.0
typeOfDesignOther,0.0,0.0,0.0
typeOfDesignTeeBeam,0.0,0.0,0.0
typeOfDesignTrussDeck,0.0,0.0,0.0
typeOfDesignTrussThru,0.0,0.005151167661802866,0.007248866610198513
numberOfSpansInMainUnit,0.000358406214992414,0.0027885100093601053,0.00113557979960081
designLoadHS25,0.000822785819576179,0.0,0.0
designLoadHS15,0.0008229674329218084,0.0,0.0
typeOfDesignFrame,0.0013647964324490485,0.015115615016558228,0.0
lanesOnStructure,0.0022329780440417286,0.0004800414056543895,0.002150096120043362
lengthOfMaximumSpan,0.0022961581436705654,0.004344188984447368,0.008395208069761857
typeOfDesignChannelBeam,0.0035160178714070253,0.00042803486828542575,0.0072475540782482965
scourCriticalBridges,0.003941564567004683,0.01246541763663591,0.007515097437809135
materialConcreteContinuous,0.004368455926016833,0.005817175332653274,0.020189385323942124
avgDailyTruckTraffic,0.004475882970126912,0.004368751709928204,0.007104579102804588
typeOfDesignArchThru,0.006663834050721111,0.0,0.0
designLoadHS20Mod,0.0072880987297457575,0.0,0.0002854115400168118
materialSteelConitnuous,0.0073219974273881164,0.005949798935329325,0.005454033300428114
operatingRating,0.007472553815062829,0.022004614005601858,0.012421900945052857
materialPrestreesedConcreteContinuous,0.007783084715160138,0.008481270531870866,0.00773463502244496
structureLength,0.008327327371914078,0.018050462832304187,0.012600537691875604
designLoadnan,0.012488607003251351,0.0,0.0
materialConcrete,0.02175334702145423,0.0006762224266609705,0.00549207338431846
typeOfDesignStringerMultiBeam,0.02264760915571594,0.013629742628141287,0.009981055249410379
designLoadH10,0.023695535500563462,0.01265765491334925,0.014558968282942208
bridgeRoadwayWithCurbToCurb,0.027303702979335955,0.014669111456055121,0.01714651128621525
materialSteel,0.03555485635089295,0.0717205399251172,0.07210889470645628
designLoadH15,0.036067304018205903,0.026648716264723475,0.05634448819468777
designLoadH20,0.04448429123592679,0.0009075080687956618,0.0
averageDailyTraffic,0.06599653879155297,0.08260975440937977,0.08503456463224335
typeOfDesignSlab,0.07952126028432556,0.03788163636619326,0.006019892123981709
skew,0.08774401482650773,0.02636481103391422,0.023457287557387803
materialPrestreesedConcrete,0.09159766263150995,0.07199531783096241,0.07026221516034407
designLoadHS20,0.11628026676443687,0.22548192147906645,0.21731694749638905
yearBuilt,0.26580809390412113,0.3086352439972498,0.32153586739013407
