,0,1,2
category,No Substructure - YesDeck - No Superstructure,YesSubstructure - No Deck - No Superstructure,No Substructure - No Deck - YesSuperstructure
snowfall,0.0,0.0,0.0
freezethaw,0.0,0.0,0.0
latitude,0.0,0.0,0.0
longitude,0.0,0.0,0.0
materialAluminum,0.0,0.0,0.0
materialMasonry,0.0,0.0,0.0
materialOther,0.0,0.0,0.0
materialnan,0.0,0.0,0.0
tollOnTollBridge,0.0,0.0,0.0
tollTollBridge,0.0,0.0,0.0
designLoadH10,0.0,0.0,0.0
designLoadH20,0.0,0.0,0.0
designLoadHS20Mod,0.0,0.0,0.0
deckStructureTypenan,0.0,0.0,0.0
typeOfDesignArchDeck,0.0,0.0,0.0
typeOfDesignArchThru,0.0,0.0,0.0
typeOfDesignBoxBeamSingle,0.0,0.0,0.0
typeOfDesignFrame,0.0,0.0,0.0
typeOfDesignGirderAndFloor,0.0,0.0001328297937559746,0.0
typeOfDesignMovableBascule,0.0,0.0,0.0
typeOfDesignMovableLift,0.0,0.0,0.0
typeOfDesignMovableSwing,0.0,0.0,0.0
typeOfDesignOrthotropic,0.0,0.0,0.0
typeOfDesignSegmentalBoxGirder,0.0,0.0,0.0
typeOfDesignStayedGirder,0.0,0.0,0.0
typeOfDesignSuspension,0.0,0.0,0.0
typeOfDesignTrussDeck,0.0,0.0,0.0
typeOfDesignTrussThru,0.0,0.0,0.0
lanesOnStructure,0.00015604739823465042,0.0005141061432060514,0.0
tollOnFreeRoad,0.0002723022965740192,0.0002723022965740192,0.00034167682918782437
designLoadHS25,0.0004076458127724603,0.0,0.000323021357608507
typeOfDesignTeeBeam,0.0007514084235977298,0.0,0.000549285726120507
designLoadnan,0.000859518463886095,0.00038001440764800647,0.0
designLoadH15,0.0011700259594434948,0.0016857595557804078,0.0005315183274714738
designLoadHS15,0.0016354563063475387,0.002010356983790961,0.0016669037109262274
numberOfSpansInMainUnit,0.0020167376593329127,0.00023330425457356464,0.00198687815101846
typeOfDesignStringerMultiBeam,0.003164018053451461,0.0024007623354203133,0.004149928573846088
typeOfDesignSlab,0.004401908964632303,0.00564577762579091,0.029877305486237474
typeOfDesignBoxBeamMultiple,0.004445670181930278,0.0009513399732581121,0.004610896430160579
typeOfDesignChannelBeam,0.00503654011699767,0.0,0.007169613760042893
typeOfDesignOther,0.005157481356195971,0.007902699163220877,0.007819196369540964
materialSteelConitnuous,0.006078121881160384,0.0034773045388154606,0.005333209520610932
materialPrestreesedConcreteContinuous,0.0068421398345796716,0.007196248422084885,0.0005675304171779231
lengthOfMaximumSpan,0.007453299105198805,0.007495818683050513,0.011002877153609652
materialSteel,0.008200983545368745,0.008181655923819428,0.008208394729264901
bridgeRoadwayWithCurbToCurb,0.010806241089099665,0.024257256755094506,0.01715690382650554
avgDailyTruckTraffic,0.01201003455231804,0.0143674356818824,0.011670038256328702
skew,0.02407642680848396,0.028076403042449516,0.023034286371857393
yearBuilt,0.02411316738146565,0.022783688821557582,0.02349258368108396
materialWood,0.027609534356475562,0.029732031543789363,0.02744702594994549
structureLength,0.03413455550771204,0.031487955847627445,0.03365878105019337
materialConcrete,0.04273216538771623,0.04632402431837515,0.043556063306277384
materialPrestreesedConcrete,0.0429097058315817,0.03934283477478993,0.01628059556290625
scourCriticalBridges,0.04543124801749966,0.04762919067546484,0.047893400184064926
operatingRating,0.052220557489510745,0.05242582259322678,0.05052575235177672
averageDailyTraffic,0.0935019174022319,0.08693698921431317,0.09566823840010107
materialConcreteContinuous,0.0997211388550574,0.09597401924039373,0.09614388729168168
designLoadHS20,0.15790677942822287,0.15701439177418605,0.15757891332439494
designatedInspectionFrequency,0.27477722253292036,0.27516767561606015,0.271755293900058
