,0,1,2
category,No Substructure - YesDeck - No Superstructure,YesSubstructure - No Deck - No Superstructure,No Substructure - No Deck - YesSuperstructure
snowfall,0.0,0.0,0.0
freezethaw,0.0,0.0,0.0
latitude,0.0,0.0,0.0
longitude,0.0,0.0,0.0
designatedInspectionFrequency,0.0,0.0,0.0
materialAluminum,0.0,0.0004937112586480881,0.0
tollOnTollBridge,0.0,0.0,0.0
tollTollBridge,0.0,0.0,0.0
designLoadH15,0.0,0.0003241123253787051,0.0
designLoadHS15,0.0,0.0,0.0
designLoadHS25,0.0,0.0,0.0
designLoadRailroad,0.0,0.0,0.0
deckStructureTypenan,0.0,0.0,0.0
typeOfDesignArchDeck,0.0,0.0,0.0
typeOfDesignArchThru,0.0,0.0,0.0
typeOfDesignBoxBeamMultiple,0.0,0.0497498909042302,0.05045748809855564
typeOfDesignFrame,0.0,0.0,0.0
typeOfDesignMovableBascule,0.0,0.0,0.0
typeOfDesignSegmentalBoxGirder,0.0,0.0,0.0
typeOfDesignStayedGirder,0.0,0.0,0.0
typeOfDesignTrussDeck,0.0,0.0,0.0
materialSteelConitnuous,0.00011630889854631267,0.024837769711161816,0.02659705081219979
typeOfDesignTeeBeam,0.00022094925444790037,0.0,0.0
typeOfDesignChannelBeam,0.00039506918551453267,0.00022126561310995376,0.00044679448024301406
typeOfDesignGirderAndFloor,0.0004759832533709047,0.0006777326805067601,0.00023992748565861588
materialMasonry,0.0004979033119749264,0.0010454729150192648,0.0
materialPrestreesedConcreteContinuous,0.001011481429707254,0.02464848716441737,0.02515047734799151
typeOfDesignOther,0.0011963487478165865,0.0023177510529504655,0.0009082188597316188
typeOfDesignBoxBeamSingle,0.0019760999747701438,0.0009672229430555729,0.0007159247428702622
designLoadH20,0.002645091218649943,0.005289289713040411,0.0
tollOnFreeRoad,0.002743806743166498,0.00023564423334452518,0.0
numberOfSpansInMainUnit,0.003189171779725542,0.0017155878856157673,0.0030997411902006127
designLoadHS20,0.0038586903372295304,0.215700638815108,0.21151941183951917
materialWood,0.004137404653385997,0.0036956425797957616,0.003245163002510778
typeOfDesignTrussThru,0.0044953563514927245,0.006427766432384258,0.006421047545418173
typeOfDesignStringerMultiBeam,0.007922681207333119,0.002800217403668067,0.008117895259051558
designLoadHS20Mod,0.008046716556923648,0.017371003037892553,0.014630966576575156
lanesOnStructure,0.008770950365223037,0.0033607503604764894,0.0079373411031139
designLoadnan,0.011591020980408777,0.0017495166495514994,0.0026746078619886943
skew,0.02265534255219898,0.01888796741000352,0.021849495075104027
materialSteel,0.02272982562322466,0.017697945030420468,0.023144302782727694
avgDailyTruckTraffic,0.027013811595658934,0.016151131846430432,0.015175551434296034
lengthOfMaximumSpan,0.02822684089128448,0.03174604963139891,0.029585572359284627
materialConcreteContinuous,0.036568751315844465,0.007226377196381176,0.003100328725555281
structureLength,0.04030847458806762,0.036238142522898364,0.037085297569038105
bridgeRoadwayWithCurbToCurb,0.04726109677357623,0.06313368239822231,0.06447187064391223
typeOfDesignSlab,0.05239885701776581,0.039951846952735806,0.03481893738746943
scourCriticalBridges,0.06339244130778358,0.06528323616354012,0.05444135127777958
averageDailyTraffic,0.08479016531587208,0.07406896718812721,0.0895294706922097
materialConcrete,0.08902874013047621,0.05894112474933445,0.05956355816816575
yearBuilt,0.091055439751937,0.07611840299346878,0.07649886659317277
operatingRating,0.12192374001346042,0.12100332784910947,0.12453666423060324
materialPrestreesedConcrete,0.20935543887316202,0.00992232438857359,0.004036676855053066
