,0,1,2
category,No Substructure - YesDeck - No Superstructure,YesSubstructure - No Deck - No Superstructure,No Substructure - No Deck - YesSuperstructure
snowfall,0.0,0.0,0.0
freezethaw,0.0,0.0,0.0
latitude,0.0,0.0,0.0
longitude,0.0,0.0,0.0
materialAluminum,0.0,0.0,0.0
materialMasonry,0.0,0.0,0.0
materialOther,0.0,0.0,0.0
tollOnTollBridge,0.0,0.0,0.0
tollnan,0.0,0.0011963225083471236,0.00022856414689266977
designLoadHS15,0.0,0.00024823081071609777,0.00034465395180683484
designLoadHS25,0.0,0.0,0.0
designLoadPedestrian,0.0,0.0,0.0
designLoadRailroad,0.0,0.0,0.0
deckStructureTypenan,0.0,0.0,0.0
typeOfDesignArchThru,0.0,0.0004553459497467279,0.0
typeOfDesignBoxBeamMultiple,0.0,0.0,0.0
typeOfDesignBoxBeamSingle,0.0,0.0,0.0
typeOfDesignChannelBeam,0.0,0.0,0.0
typeOfDesignCulvert,0.0,0.0,0.0
typeOfDesignFrame,0.0,0.0,0.0
typeOfDesignOther,0.0,0.0,0.0
typeOfDesignTrussDeck,0.0,0.0,0.0
designLoadH20,0.0003993168809940004,0.0,0.0010095613122547004
designLoadHS20Mod,0.0005931959910635636,0.0006374617116747114,0.0009472409283351971
materialSteelConitnuous,0.0006005435870609212,0.03174160275150917,0.031683807237493394
tollOnFreeRoad,0.0008458740274236326,0.00014098457492185267,0.0
typeOfDesignArchDeck,0.0009686822831891413,0.0003862849483653634,0.0
materialPrestreesedConcreteContinuous,0.0010930791088432446,0.0,0.0015312513055087936
typeOfDesignGirderAndFloor,0.002051206534718378,0.003900944484396791,0.006794050050018771
designLoadHS20,0.002856255633067765,0.00018979724988845963,0.0022447285912892997
typeOfDesignTrussThru,0.0030678347838426546,0.00038931426274427846,0.008102123628197904
numberOfSpansInMainUnit,0.003961694666877896,0.005200059138501609,0.00998631220650246
designLoadH10,0.0043276273395354255,0.01456064252857455,0.011886007465676328
skew,0.0070269586312694116,0.011817754761117011,0.015765737140048804
materialPrestreesedConcrete,0.007311659358876085,0.009149426128722903,0.007176628459145405
typeOfDesignStringerMultiBeam,0.008487547867806441,0.04136020916515158,0.023519746684394945
lanesOnStructure,0.008764003025077929,0.01253357736094506,0.0068246918042945085
materialConcreteContinuous,0.011816056771111921,0.003976387796324263,0.0017413515584387353
materialConcrete,0.013324761936860136,0.03149151401557569,0.03531049899839483
designLoadH15,0.018081998550717255,0.005882185791256777,0.007167433963926312
avgDailyTruckTraffic,0.019089631201401225,0.023990932337979224,0.023133093569016258
designatedInspectionFrequency,0.021938539782291776,0.0035429127268377,0.0036962753490856993
materialWood,0.024278696903249578,0.005546439079575278,0.006637993655619132
typeOfDesignTeeBeam,0.024426758616678236,0.030357271962118123,0.005870065249463478
structureLength,0.029471768876151872,0.038399138082269024,0.0417998317249892
lengthOfMaximumSpan,0.03642305538526971,0.036854238259455885,0.03575415547156461
materialSteel,0.04087845139594471,0.05375074099555557,0.03800249157422176
yearBuilt,0.05044881760593891,0.05481379084461508,0.05133171543326037
averageDailyTraffic,0.06139176513689291,0.06639611964852524,0.055381862657447795
bridgeRoadwayWithCurbToCurb,0.06687769415379997,0.054011076590704,0.051884413626717654
scourCriticalBridges,0.07629546593224895,0.06364876835085817,0.07324973541296122
designLoadnan,0.09800507252845304,0.09974160503612016,0.07968685968067425
typeOfDesignSlab,0.11587427239174243,0.062035356514669494,0.12079016073072427
operatingRating,0.23902171311160078,0.2316535636322371,0.2405169564316344
