,0,1,2
category,No Substructure - YesDeck - No Superstructure,YesSubstructure - No Deck - No Superstructure,No Substructure - No Deck - YesSuperstructure
avgDailyTruckTraffic,0.0,0.0,0.0
snowfall,0.0,0.0,0.0
freezethaw,0.0,0.0,0.0
latitude,0.0,0.0,0.0
longitude,0.0,0.0,0.0
lanesOnStructure,0.0,0.0,0.0
materialAluminum,0.0,0.0,0.0
materialConcrete,0.0,0.0,0.0
materialConcreteContinuous,0.0,0.0017647755363174907,0.0028227056399401824
materialPrestreesedConcreteContinuous,0.0,0.0,0.0
tollOnFreeRoad,0.0,0.0,0.0
tollTollBridge,0.0,0.0,0.0
designLoadH10,0.0,0.0,0.0
designLoadHS15,0.0,0.0,0.0
designLoadHS20Mod,0.0,0.0,0.0
designLoadPedestrian,0.0,0.0,0.0
designLoadRailroad,0.0,0.0,0.0
deckStructureTypenan,0.0,0.0,0.0
typeOfDesignArchDeck,0.0,0.0,0.0
typeOfDesignArchThru,0.0,0.0,0.0
typeOfDesignBoxBeamMultiple,0.0,0.0,0.0
typeOfDesignBoxBeamSingle,0.0,0.0,0.0
typeOfDesignChannelBeam,0.0,0.0,0.0
typeOfDesignFrame,0.0,0.0,0.0
typeOfDesignMovableBascule,0.0,0.0,0.0
typeOfDesignMovableLift,0.0,0.0,0.0
typeOfDesignOther,0.0,0.0,0.0
typeOfDesignSegmentalBoxGirder,0.0,0.0,0.0
typeOfDesignSuspension,0.0,0.0,0.0
typeOfDesignTeeBeam,0.0,0.0,0.0
typeOfDesignTrussDeck,0.0,0.0,0.0
typeOfDesignTrussThru,0.0,0.0,0.0
skew,0.0014265205845920377,0.002014675919160107,0.0035605916867061374
designLoadHS25,0.001796693908129801,0.0,0.0
materialPrestreesedConcrete,0.0018017933312870244,0.004295314502568029,0.005527684805071645
designLoadnan,0.002186768728003265,0.006313027280603755,0.007345908465161315
materialSteelConitnuous,0.0024527718522242455,0.0,0.0
numberOfSpansInMainUnit,0.004314419794910359,0.0040471773119855415,0.0026342698046680955
materialSteel,0.0046771599755661055,0.0,0.0
operatingRating,0.005471861438664019,0.004944510640534634,0.004818924421337161
lengthOfMaximumSpan,0.005654097634235943,0.012566329589393068,0.016559158126624337
scourCriticalBridges,0.00796656505341133,0.009128800289776886,0.008940577298840931
structureLength,0.008953953069649273,0.003964248394127446,0.005323458304076495
typeOfDesignGirderAndFloor,0.017455764408758314,0.020154070344796847,0.01417448382351188
designLoadH15,0.01826928298532263,0.015552848477690801,0.01668407015618177
bridgeRoadwayWithCurbToCurb,0.019026757446546586,0.019938341995349565,0.025159213152950267
typeOfDesignStringerMultiBeam,0.01955046341218129,0.039781535504726344,0.018796711255771103
yearBuilt,0.025143256868056223,0.01865252401957141,0.018898707268720987
designLoadHS20,0.06852448568354834,0.07248466462743469,0.06889378660336071
averageDailyTraffic,0.0743123546150661,0.07312341785161804,0.07364247596298322
designLoadH20,0.08497095557763329,0.08111083091429622,0.08462080097637958
materialWood,0.13119471285179554,0.12473988029161334,0.1198682006941736
typeOfDesignSlab,0.16114087506862745,0.14286905471900238,0.16167295326457998
designatedInspectionFrequency,0.33370848571179085,0.34255397178943336,0.34005531828896063
