,0,1,2
category,No Substructure - YesDeck - No Superstructure,YesSubstructure - No Deck - No Superstructure,No Substructure - No Deck - YesSuperstructure
snowfall,0.0,0.0,0.0
freezethaw,0.0,0.0,0.0
latitude,0.0,0.0,0.0
longitude,0.0,0.0,0.0
materialConcreteContinuous,0.0,0.023937491050444237,0.020943456661557874
materialMasonry,0.0,0.0,0.0
materialOther,0.0,0.0,0.0
materialPrestreesedConcrete,0.0,0.0007597036822685805,0.0
tollOnFreeRoad,0.0,0.0,0.0
tollTollBridge,0.0,0.0,0.0
designLoadHS15,0.0,0.0,0.0
designLoadHS25,0.0,0.0031804214729468905,0.008966895478274464
deckStructureTypenan,0.0,0.0,0.0
typeOfDesignArchDeck,0.0,0.0,0.0
typeOfDesignArchThru,0.0,0.0,0.0
typeOfDesignBoxBeamSingle,0.0,0.0,0.0
typeOfDesignChannelBeam,0.0,0.0,0.0
typeOfDesignFrame,0.0,0.0,0.0
typeOfDesignGirderAndFloor,0.0,0.00022065821002498432,0.0
typeOfDesignOther,0.0,0.0,0.0
typeOfDesignSegmentalBoxGirder,0.0,0.0,0.0
typeOfDesignStayedGirder,0.0,0.0,0.0
typeOfDesignSuspension,0.0,0.0,0.0
typeOfDesignTrussDeck,0.0,0.0,0.0
typeOfDesignTrussThru,0.0,0.0,0.0
designLoadH20,0.0002452051516540756,0.0,0.003183492700648937
typeOfDesignSlab,0.0004096504602234261,0.0,0.0
materialPrestreesedConcreteContinuous,0.0013565699030597042,0.006074578778823591,0.020450308800892127
designLoadHS20,0.001497396602230913,0.05297274651619398,0.0
designLoadHS20Mod,0.0035369579457264367,0.001948734031354762,0.0005675474268261746
typeOfDesignTeeBeam,0.003680671542424486,0.0,0.0
numberOfSpansInMainUnit,0.004628134658223593,0.004743260931456308,0.005117080945353572
avgDailyTruckTraffic,0.005539381163396201,0.00756860913734467,0.00494836036133844
skew,0.008111595316471357,0.023553994461399556,0.006406838769506942
materialWood,0.012863192786610913,0.04986616878293883,0.023030323630004002
typeOfDesignBoxBeamMultiple,0.017036020914941868,0.0,0.012755999667822735
materialConcrete,0.017313521528944352,0.004302365174944944,0.0002571916813421523
designLoadH10,0.018849286898371724,0.03157593821433027,0.0067346334548816274
lengthOfMaximumSpan,0.019742310781586028,0.020253739750164482,0.012197863006778782
designLoadH15,0.019860391025179856,0.02517631175688777,0.020715229932820593
bridgeRoadwayWithCurbToCurb,0.021075153685262246,0.02224736262511658,0.01475941304544373
operatingRating,0.027612086736711425,0.013931310266050633,0.020888463501484204
structureLength,0.029087295970569665,0.03353037986975937,0.03822305703249016
yearBuilt,0.029894223980955252,0.09249862815384478,0.023599589099745445
scourCriticalBridges,0.04937993354086189,0.021380942504595744,0.04081548169831127
typeOfDesignStringerMultiBeam,0.05226198121736407,0.13674964670803794,0.054793348082214206
averageDailyTraffic,0.054085967297843165,0.06221374996208807,0.05574373168847542
materialSteelConitnuous,0.06195800284856656,0.06137750322130207,0.06789972313405261
lanesOnStructure,0.08555094037724394,0.020702443112588564,0.07959257892527508
designLoadnan,0.08655124864085861,0.00154440979741317,0.08315767222252107
materialSteel,0.13552855453088325,0.043069473497074205,0.13807128761230314
designatedInspectionFrequency,0.23234432449383494,0.2346194283306051,0.23618043143963524
