,0,1,2
category,No Substructure - YesDeck - No Superstructure,YesSubstructure - No Deck - No Superstructure,No Substructure - No Deck - YesSuperstructure
snowfall,0.0,0.0,0.0
freezethaw,0.0,0.0,0.0
latitude,0.0,0.0,0.0
longitude,0.0,0.0,0.0
materialPrestreesedConcreteContinuous,0.0,0.0,0.0
tollOnFreeRoad,0.0,0.0,0.0
tollTollBridge,0.0,0.0,0.0
designLoadH10,0.0,0.0,0.0
designLoadHS15,0.0,0.0,0.0
designLoadHS25,0.0,0.0,0.0
deckStructureTypenan,0.0,0.0,0.0
typeOfDesignArchDeck,0.0,0.0,0.0
typeOfDesignArchThru,0.0,0.0,0.0
typeOfDesignBoxBeamMultiple,0.0,0.004591280736209518,0.0032965422497598816
typeOfDesignBoxBeamSingle,0.0,0.0,0.0
typeOfDesignChannelBeam,0.0,0.0,0.0
typeOfDesignFrame,0.0,0.0,0.0006299751957103127
typeOfDesignOther,0.0,0.0,0.0
typeOfDesignSegmentalBoxGirder,0.0,0.0,0.0
typeOfDesignTrussDeck,0.0,0.0,0.0
typeOfDesignnan,0.0,0.0,0.0
materialConcrete,0.00037217971705219414,0.0,0.0016856908766222953
materialSteelConitnuous,0.0004486784628630248,0.0024724923666534383,0.001119948700490361
numberOfSpansInMainUnit,0.0018583697879874482,0.011266588658653438,0.001537292974978832
typeOfDesignTrussThru,0.002605043659378359,0.01884750084130403,0.0
designatedInspectionFrequency,0.0028732661965953257,0.003239314247657949,0.003596914233330772
designLoadHS20Mod,0.003972260007306507,0.0022945373084671036,0.004405675009462344
typeOfDesignSlab,0.003976576272748173,0.0011424306652915964,0.0009284392610656031
designLoadH20,0.004555296215085067,0.01624035325009384,0.002541269832778584
materialPrestreesedConcrete,0.004875545318709267,0.00383655728788748,0.007302443833961174
typeOfDesignTeeBeam,0.005231823898347758,0.005149590047166491,0.005650456727211628
designLoadnan,0.005327349956803813,0.005123369520973788,0.012023527469455751
materialSteel,0.007979152862341916,0.006563717554977877,0.03372028222574332
designLoadH15,0.008077004027567261,0.026121274765030664,0.017275845977726058
skew,0.008335868347726138,0.010709623022076151,0.012116155540265697
designLoadHS20,0.009442300768560554,0.01765606487428224,0.0031259867020366557
typeOfDesignGirderAndFloor,0.010915826189532999,0.020280618113971454,0.01878720940078152
materialConcreteContinuous,0.01335817288229987,0.0005281732772511403,0.006180972438912106
lanesOnStructure,0.01853424291699456,0.014298677942187367,0.01713577434969958
avgDailyTruckTraffic,0.02872862638417331,0.004218009725153665,0.005629903180049511
lengthOfMaximumSpan,0.030443776740186838,0.025892103229242593,0.03005611697308764
materialWood,0.03353692027474856,0.019538797065318976,0.0
structureLength,0.04608394521569854,0.04625629653299961,0.05044569748795303
operatingRating,0.05312748981213544,0.05909038233891608,0.060680916890388396
averageDailyTraffic,0.06890888929435551,0.07074505024426683,0.07556070846751943
bridgeRoadwayWithCurbToCurb,0.0730314285127595,0.049048010448555016,0.06891312641862406
typeOfDesignStringerMultiBeam,0.0876267549796054,0.10087521044761391,0.07913293096191598
yearBuilt,0.21205799182709487,0.254079730296124,0.252074151096365
scourCriticalBridges,0.25371521947134185,0.19989424519167376,0.22444604552410446
