,0,1,2
category,No Substructure - YesDeck - No Superstructure,YesSubstructure - No Deck - No Superstructure,No Substructure - No Deck - YesSuperstructure
snowfall,0.0,0.0,0.0
freezethaw,0.0,0.0,0.0
latitude,0.0,0.0,0.0
longitude,0.0,0.0,0.0
designatedInspectionFrequency,0.0,0.0,0.0
materialAluminum,0.0,0.0,0.0002639485218472946
materialMasonry,0.0,0.0,0.0
materialOther,0.0,0.00018121865663930502,0.0
materialWood,0.0,0.0,0.0
tollOnFreeRoad,0.0,0.0,0.0
tollOnTollBridge,0.0,0.0,0.0
deckStructureTypenan,0.0,0.0,0.0
typeOfDesignArchDeck,0.0,0.0002835336566243807,0.0
typeOfDesignArchThru,0.0,0.0,0.0
typeOfDesignFrame,0.0,0.0,0.0
typeOfDesignMovableBascule,0.0,0.0,0.0
typeOfDesignMovableLift,0.0,0.0,0.0
typeOfDesignMovableSwing,0.0,0.0,0.0
typeOfDesignOther,0.0,0.0002885836694655667,0.0
typeOfDesignStayedGirder,0.0,0.00039196465667402187,0.0005772889781503721
typeOfDesignSuspension,0.0,0.0,0.0
typeOfDesignTeeBeam,0.0,0.0014159361205739165,0.0014541897050538847
typeOfDesignTrussDeck,0.0,0.0,0.0
typeOfDesignTrussThru,0.00014949691779640967,0.0009817755581960738,0.0021883271378939184
materialSteelConitnuous,0.00017596756620317876,0.0,0.0017852677481886166
typeOfDesignGirderAndFloor,0.0006723574254413764,0.0006415125191177923,0.0013406590019917918
materialSteel,0.0007479128542594182,0.013231958722210852,0.04132460634168485
designLoadHS25,0.0011238028800544834,0.00047659362939766613,0.0
materialConcreteContinuous,0.0011980167250974626,0.001135850796239296,0.0022999177138059244
materialPrestreesedConcreteContinuous,0.00150196466625319,0.0032028724304697647,0.00039635348075354917
materialPrestreesedConcrete,0.004207747619491316,0.008943730916454277,0.009867091049473791
lanesOnStructure,0.004630008213637095,0.004214098654830887,0.0027400571304318287
designLoadnan,0.004964733692258859,0.010330601134973997,0.012861830992937126
numberOfSpansInMainUnit,0.004975475725719732,0.00427474842590873,0.0029792159682618807
materialConcrete,0.006493300135632308,0.002778899948289698,0.0012820109233046765
designLoadH10,0.007335962550489704,0.0007224118133598841,0.004450990682823948
designLoadHS15,0.01150038669131709,0.004892516519288557,0.009876316634980462
operatingRating,0.022934671436454508,0.023852611205423126,0.020070939930304874
designLoadHS20Mod,0.024960645058257572,0.028695245546614918,0.008663543667890735
designLoadH20,0.03086503255064964,0.012134959437798055,0.033645201034158495
skew,0.03215122645446451,0.029212567983591464,0.026537719200446844
avgDailyTruckTraffic,0.03244568349782571,0.028216343779770777,0.026861669795962457
designLoadH15,0.03600817590219158,0.019543543841994946,0.02986180587877487
designLoadHS20,0.03885676357190283,0.013595007409367041,0.060952067134976265
lengthOfMaximumSpan,0.039250822154612126,0.031124929467489928,0.03366121570818408
structureLength,0.03948725109191331,0.03317413334605176,0.029711457575483158
bridgeRoadwayWithCurbToCurb,0.043817823825786896,0.04397862358549302,0.03092690566917235
typeOfDesignStringerMultiBeam,0.06733028396463454,0.1516562128395221,0.11654672361931832
averageDailyTraffic,0.06757650930949614,0.0654960700499322,0.0759207395364411
scourCriticalBridges,0.07722431315449024,0.20916683350838305,0.10709273772642719
yearBuilt,0.079704581944508,0.06321774261873786,0.13825665346658916
typeOfDesignSlab,0.11580908131004569,0.18122214201152392,0.14819753295069288
typeOfDesignBoxBeamMultiple,0.201900001109115,0.0073242255395910075,0.017405015093593434
