,0,1,2
category,No Substructure - YesDeck - No Superstructure,YesSubstructure - No Deck - No Superstructure,No Substructure - No Deck - YesSuperstructure
snowfall,0.0,0.0,0.0
freezethaw,0.0,0.0,0.0
latitude,0.0,0.0,0.0
longitude,0.0,0.0,0.0
numberOfSpansInMainUnit,0.0,0.0,0.0022393686919799658
designatedInspectionFrequency,0.0,0.0,0.0
materialAluminum,0.0,0.0,0.0
materialMasonry,0.0,0.0,0.0
materialOther,0.0,0.0,0.0
materialWood,0.0,0.0,0.009700294649717132
tollOnFreeRoad,0.0,0.0,0.0
designLoadH10,0.0,0.0,0.013243492583528294
designLoadHS15,0.0,0.0,0.0
designLoadHS20Mod,0.0,0.0,0.0
designLoadnan,0.0,0.0,0.0
deckStructureTypenan,0.0,0.0,0.0
typeOfDesignArchDeck,0.0,0.0,0.0
typeOfDesignBoxBeamMultiple,0.0,0.0,0.0
typeOfDesignCulvert,0.0,0.0,0.0
typeOfDesignFrame,0.0,0.0,0.016387418033774744
typeOfDesignGirderAndFloor,0.0,0.0,0.0
typeOfDesignMovableBascule,0.0,0.0,0.0
typeOfDesignOther,0.0,0.0,0.0
typeOfDesignTeeBeam,0.0,0.0,0.0
typeOfDesignTrussDeck,0.0,0.0,0.0
typeOfDesignTrussThru,0.0,0.0,0.004494215659131498
designLoadH20,0.0002573553646899256,0.0,0.0
designLoadHS25,0.0002774684439001935,0.0,0.0
typeOfDesignArchThru,0.00033252335299008507,0.0,0.0
typeOfDesignMovableLift,0.0005566412244611791,0.0005566412244611792,0.0
materialConcrete,0.0005643541126685809,0.0002138112684961799,0.0008404158489721097
avgDailyTruckTraffic,0.0008453180854720354,0.004569691312512193,0.0031346519950788327
lanesOnStructure,0.0031716638784258975,0.001850020744054882,0.005652269093301406
typeOfDesignChannelBeam,0.003430952382676265,0.009755480301678512,0.006749340391449769
materialSteelConitnuous,0.005890656091219836,0.00550266754410559,0.00590145491415874
typeOfDesignSlab,0.006304013757315031,0.025323434239397036,0.017546389542162085
lengthOfMaximumSpan,0.006328255874717156,0.007233482056331606,0.008305604817227594
materialPrestreesedConcreteContinuous,0.007414863240606969,0.007449036028199459,0.007783271178550496
skew,0.00796773437945348,0.0051926452901626795,0.030314640270551314
materialSteel,0.011282190915539258,0.02124813040616873,0.07583554709899722
operatingRating,0.012158002225105066,0.01171853716305844,0.02381202888841561
bridgeRoadwayWithCurbToCurb,0.014380991144534387,0.015766035713645116,0.014203985533325369
scourCriticalBridges,0.015597842423538918,0.01718898643900988,0.000608474978440321
typeOfDesignStringerMultiBeam,0.045240190447778814,0.037962435795445885,0.014255610615973349
designLoadH15,0.04911349229134012,0.038662891253546584,0.024299003588098587
materialConcreteContinuous,0.051173172130870116,0.054436935891052175,0.006141749622198411
structureLength,0.054133365038482574,0.05109916255781046,0.014069856926656799
materialPrestreesedConcrete,0.08866193348232919,0.07481860929107535,0.07413916264113776
averageDailyTraffic,0.10715999759868762,0.1059316213687047,0.09111614187476291
designLoadHS20,0.2444021371678427,0.24473768008681154,0.21962500900834755
yearBuilt,0.2633548849453546,0.25878206402427184,0.30960060155406227
